condition,shift_mm,margin_scale,crop_iou_median,lesion_fully_in,dice,auroc_p_max,delta_p_max,delta_p_max_lo,delta_p_max_hi,auroc_cc_psz,delta_cc_psz,delta_cc_psz_lo,delta_cc_psz_hi
ref,0,1.0,1.0,1.0,0.5417938829660407,0.8215348639455782,0.0,0.0,0.0,0.7647746598639457,0.0,0.0,0.0
shift10,10,1.0,0.839012087881217,1.0,0.5361369642809555,0.8173363095238095,-0.004198554421768641,-0.04900643368302384,0.03452213633332421,0.7352253401360545,-0.02954931972789121,-0.06571000282293078,0.0019151753696936208
shift20,20,1.0,0.7084873438763499,1.0,0.5334886192481516,0.8065476190476192,-0.014987244897958996,-0.07133992906373077,0.04403738893842329,0.7193877551020408,-0.04538690476190488,-0.09228283355623855,0.0
shift30,30,1.0,0.5988546386449556,0.9387755102040817,0.520862665077264,0.7485119047619047,-0.07302295918367352,-0.1389725899100899,-0.007555251920885873,0.698341836734694,-0.0664328231292517,-0.12651455200846418,-0.007686308953475998
shift45,45,1.0,0.4689557778888949,0.8061224489795918,0.46231233241246983,0.7618516156462586,-0.05968324829931959,-0.13148255485445184,0.009317981492655456,0.7014243197278911,-0.06335034013605456,-0.12781393363917626,-0.0017020869561283432
scale0.6,0,0.6,0.5324473076393881,1.0,0.5722559366907258,0.8116496598639455,-0.009885204081632626,-0.0676455189095312,0.049877969617483295,0.7651998299319728,0.0004251700680271142,-0.05867517748514487,0.05936241077832051
scale0.8,0,0.8,0.7488209346661074,1.0,0.5654404568121223,0.7856079931972789,-0.035926870748299256,-0.09562088354462002,0.02417121948687727,0.7453231292517007,-0.019451530612244916,-0.0758746717030129,0.03942702314591257
scale1.3,0,1.3,0.6889820915219432,1.0,0.4709743431531801,0.7521789965986395,-0.06935586734693866,-0.13431157152962941,-0.005907346703676987,0.7048256802721089,-0.05994897959183676,-0.1138622997848435,-0.007459188115579287
scale1.6,0,1.6,0.518779338357446,1.0,0.4049740875054217,0.7249149659863946,-0.09661989795918358,-0.16927216198979594,-0.030327247874557022,0.6990858843537414,-0.06568877551020424,-0.12551845448895363,-0.010308124217828516
