case,group,y,pred_vox,empty,dice_panc,dice_panc_lesion,lesion_vox,lesion_in_mask,centroid_offset_mm,crop_iou,lesion_in_crop
100009_00001,MSD,1,28163,False,0.8206191626934883,0.8475715628335219,1533,0.9621656881930855,3.0938453115816875,0.9732195757791208,1.0
100015_00001,NIH,0,105327,False,0.9239191706012599,0.9239191706012599,0,,0.719544495205766,0.9655192660726354,
100034_00001,MSD,1,36054,False,0.7883495750179021,0.9119528874334384,8439,0.9264130821187344,6.426855294250163,0.9837124058708955,1.0
100036_00001,MSD,0,8409,False,0.515545388374753,0.515545388374753,0,,32.05839340540536,0.5129344587884807,
100056_00001,MSD,1,36596,False,0.8191124352258448,0.8911344438304255,5179,0.9380189225719251,6.4946045211287675,0.9487714997621217,1.0
100058_00001,MSD,1,56432,False,0.9054994268653533,0.9136849903428083,848,1.0,1.558225845520537,0.9590472661557163,1.0
100062_00001,MSD,0,33479,False,0.8212981505477677,0.8212981505477677,0,,3.1983406922784186,0.8350010645092613,
100067_00001,NIH,0,147785,False,0.9113520786750302,0.9113520786750302,0,,3.995514975012137,0.9161241635961607,
100073_00001,MSD,0,39033,False,0.8471925356132649,0.8471925356132649,0,,3.904643330964069,0.8649509370557328,
100085_00001,MSD,0,11196,False,0.7682168522172991,0.7682168522172991,0,,6.141181166881529,0.7716161984677126,
100086_00001,MSD,1,25894,False,0.8188996957081786,0.8585374480502255,2978,0.7857622565480188,7.79528435588322,0.9285453590999277,1.0
100089_00001,NIH,0,63552,False,0.7767188923060677,0.7767188923060677,0,,6.7398128351981414,0.8459629039629919,
100093_00001,MSD,1,26772,False,0.7622865176010183,0.8136888985052559,2822,0.8862508858965273,3.026269249171592,0.927920463960232,1.0
100105_00001,MSD,0,20755,False,0.8681149879306561,0.8681149879306561,0,,5.005986602099371,0.9163877054169203,
100108_00001,MSD,0,14139,False,0.8631283090398065,0.8631283090398065,0,,3.2291130282444374,0.9766057585825028,
100110_00001,MSD,1,31747,False,0.8743621193537152,0.8929199058767462,1107,1.0,3.6725615068032695,0.9222629764133019,1.0
100116_00001,MSD,1,29999,False,0.8470784362757356,0.909998582654845,3514,0.9920318725099602,3.396875206253163,0.9917127071823204,1.0
100140_00001,MSD,1,26975,False,0.8410464770587652,0.8445578791371645,184,1.0,4.419832210774666,0.9078228275487138,1.0
100142_00001,MSD,0,46344,False,0.8788976621768075,0.8788976621768075,0,,1.495820699174119,0.9612238219895288,
100147_00001,MSD,0,48875,False,0.9100553911081153,0.9100553911081153,0,,0.680679771428603,0.9512982410224534,
100153_00001,MSD,1,49114,False,0.7283968676555201,0.7340940609717526,20760,0.3811175337186898,3.9280863983251963,0.8209897044171371,1.0
100162_00001,MSD,1,52797,False,0.848987473813978,0.7933703224992907,10887,0.10039496647377606,2.604321338705605,0.923386447475165,1.0
100163_00001,MSD,1,32285,False,0.6550559194077543,0.6665287261190427,5001,0.4273145370925815,8.17926822186631,0.8488167697035647,1.0
100165_00001,MSD,0,43426,False,0.8799521474882772,0.8799521474882772,0,,1.6671274259563824,0.9385252275403426,
100167_00001,MSD,1,21090,False,0.8340004263079365,0.8945034269587421,2423,0.974411886091622,2.4467666144559894,0.9505020690453454,1.0
100170_00001,NIH,0,26344,False,0.5408126960853018,0.5408126960853018,0,,6.523920730517139,0.8351704567541303,
100174_00001,NIH,0,54114,False,0.5113060197125299,0.5113060197125299,0,,6.235145546156642,0.7925818483215914,
100176_00001,MSD,1,32468,False,0.8021735683708326,0.8143266475644699,3911,0.5149578113014575,3.3850685566477376,0.8772278651607048,1.0
100198_00001,MSD,0,51564,False,0.8916787003610108,0.8916787003610108,0,,2.4215783220474805,0.9088817361260613,
100205_00001,MSD,1,26181,False,0.7362445582340871,0.8472004186289901,5187,0.981299402352034,6.026135081100669,0.9213974252491695,1.0
100221_00001,NIH,0,114741,False,0.9009781312783363,0.9009781312783363,0,,1.9867600419663072,0.9157084244077587,
100223_00001,NIH,0,93481,False,0.9130502089891119,0.9130502089891119,0,,1.3159260774715988,0.9727082304665577,
100261_00001,MSD,1,26976,False,0.8663961526901112,0.9088673513669897,2072,1.0,2.872140938981995,0.9685593618019709,1.0
100267_00001,MSD,1,43265,False,0.8335622276946392,0.8887800844322583,7444,0.7576571735626008,4.413947496959801,0.9487838324838648,1.0
100271_00001,NIH,0,91999,False,0.8528437037390765,0.8528437037390765,0,,3.4320900333296134,0.8893062917429393,
100278_00001,MSD,1,26181,False,0.7362445582340871,0.8472004186289901,5187,0.981299402352034,6.026135081100669,0.9213974252491695,1.0
100280_00001,MSD,0,25139,False,0.8515243315180275,0.8515243315180275,0,,2.3091513314795447,0.9212196335512706,
100282_00001,MSD,0,25486,False,0.8519898059204077,0.8519898059204077,0,,2.4623378593067606,0.9088316415558099,
100286_00001,MSD,0,31466,False,0.8611923894891594,0.8611923894891594,0,,5.668551849691203,0.9311107021291231,
100292_00001,MSD,0,45380,False,0.8993954833100827,0.8993954833100827,0,,1.3281382789892513,0.975346561009071,
100299_00001,NIH,0,159304,False,0.9075526400379489,0.9075526400379489,0,,2.7692689853495356,0.9381714760623026,
100319_00001,MSD,0,27581,False,0.8790530481827095,0.8790530481827095,0,,9.003337333729673,0.8580970466898042,
100325_00001,MSD,0,46497,False,0.9090791696708169,0.9090791696708169,0,,1.7972315259366647,0.9749331219657188,
100329_00001,NIH,0,83610,False,0.8999909237366976,0.8999909237366976,0,,3.924782538601193,0.9492831044224673,
100332_00001,NIH,0,87542,False,0.9019963312987417,0.9019963312987417,0,,1.660102175203728,0.9557078535725276,
100342_00001,MSD,0,61789,False,0.8891317712958535,0.8891317712958535,0,,1.5759762569031295,0.9155919903815876,
100349_00001,MSD,0,52899,False,0.8422721632427961,0.8422721632427961,0,,2.474090236486474,0.8980903762525997,
100357_00001,NIH,0,100949,False,0.8736120977394588,0.8736120977394588,0,,5.917140827860533,0.9375031161661411,
100359_00001,NIH,0,119914,False,0.8162733942095854,0.8162733942095854,0,,3.4452700720919363,0.935540277391408,
100365_00001,MSD,0,21370,False,0.8221661811383104,0.8221661811383104,0,,5.15763957864433,0.8418038654259127,
100368_00001,MSD,1,47358,False,0.7993229033085406,0.859393821643676,5465,0.9654162854528819,5.533256540737239,0.8921126494702373,1.0
100390_00001,MSD,0,28126,False,0.8928624157220427,0.8928624157220427,0,,1.8689586874886936,0.9437531110004977,
100396_00001,MSD,0,34317,False,0.8403789131176362,0.8403789131176362,0,,9.34016985026699,0.9236548647895177,
100403_00001,MSD,1,17505,False,0.5774260997909065,0.6217280518878852,3022,0.6684315023163467,6.0505424216054475,0.881141536649096,1.0
100408_00001,NIH,0,88909,False,0.9172011851658907,0.9172011851658907,0,,3.1508341825612405,0.9715652768284347,
100412_00001,MSD,0,56728,False,0.9155795912020319,0.9155795912020319,0,,2.2006619867819857,0.9415186212203632,
100414_00001,NIH,0,72311,False,0.9060273827493975,0.9060273827493975,0,,2.510555886311593,0.907636187813936,
100418_00001,MSD,1,37598,False,0.8837276856448717,0.8974899206658863,1154,0.9003466204506065,1.340509818814193,0.9506006326931881,1.0
100424_00001,MSD,1,27129,False,0.6913175754739059,0.8271966945453334,8746,0.8119140178367253,1.2666787348300532,0.9433020409000296,1.0
100448_00001,MSD,0,2565,False,0.14273382897557987,0.14273382897557987,0,,22.451284868447225,0.584795050685603,
100450_00001,NIH,0,94686,False,0.9168575496811737,0.9168575496811737,0,,1.522020814432977,0.9602939280649736,
100453_00001,NIH,0,86254,False,0.8882888733188646,0.8882888733188646,0,,4.182597480304239,0.9293678421875788,
100463_00001,MSD,1,40935,False,0.8465134026519127,0.8782460425355423,2934,0.8926380368098159,2.438890965329744,0.9447720125786163,1.0
100473_00001,NIH,0,65053,False,0.9211186202256811,0.9211186202256811,0,,1.1718748852690122,0.9402699533706317,
100480_00001,MSD,0,43942,False,0.8810571715366712,0.8810571715366712,0,,2.0422556681807307,0.8835252559746068,
100506_00001,MSD,1,37375,False,0.8004608294930876,0.828267420197802,1859,0.9983862291554599,4.1112832612584675,0.9753686727779992,1.0
100507_00001,NIH,0,54424,False,0.877881129881677,0.877881129881677,0,,3.684893047081213,0.8961816316033258,
100542_00001,MSD,1,47006,False,0.8019880415715713,0.7866676526047252,2154,0.016248839368616527,8.783120067117245,0.8771166029841145,1.0
100543_00001,NIH,0,76904,False,0.8938548190757315,0.8938548190757315,0,,2.6455745358292697,0.9663825552719248,
100547_00001,NIH,0,65107,False,0.8838278281729188,0.8838278281729188,0,,0.9840118774116782,0.8656886331395943,
100548_00001,NIH,0,69814,False,0.9345647611502592,0.9345647611502592,0,,0.22646846566845732,0.9656297875174848,
100553_00001,NIH,0,103149,False,0.9227955704636309,0.9227955704636309,0,,0.918942681229991,0.915688089264092,
100558_00001,MSD,0,72709,False,0.8506917928890546,0.8506917928890546,0,,7.223956630283588,0.9435419652810957,
100577_00001,NIH,0,97028,False,0.9138641235444173,0.9138641235444173,0,,1.1115608600698814,0.9189816108657984,
100579_00001,NIH,0,142481,False,0.9287672632528992,0.9287672632528992,0,,2.0903731739832874,0.9579171442606844,
100587_00001,NIH,0,124492,False,0.9224748245346354,0.9224748245346354,0,,2.043427423173416,0.9682232117195302,
100588_00001,MSD,1,37433,False,0.5173413586816897,0.6934770450963444,16604,0.7802939050831125,20.83968008667218,0.883122633869623,1.0
100589_00001,MSD,1,36968,False,0.8453634795148456,0.863351282863478,1259,0.9864972200158856,1.6646060740073645,0.9383160624599262,1.0
100601_00001,MSD,0,45115,False,0.8992581023037876,0.8992581023037876,0,,3.455162999111505,0.9587565858798736,
100605_00001,NIH,0,122979,False,0.9025551368527991,0.9025551368527991,0,,1.821938023480697,0.9840287450930734,
100629_00001,MSD,1,32096,False,0.8417277120885134,0.8649026936077071,1361,0.9926524614254225,7.664392706326058,0.9182242731887402,1.0
100664_00001,MSD,1,29913,False,0.6104500775995861,0.5879012524134513,6002,0.12329223592135954,8.704428474137694,0.8570595666116023,1.0
100687_00001,MSD,1,26375,False,0.8163384675375317,0.9004771642808452,4456,0.9344703770197487,5.377183391643928,0.9036642679742725,1.0
100693_00001,MSD,0,42004,False,0.8890149449110941,0.8890149449110941,0,,0.5471400351651496,0.9736476359177,
100696_00001,MSD,0,54797,False,0.820954918415314,0.820954918415314,0,,1.868689626133691,0.9036616161616161,
100700_00001,NIH,0,68534,False,0.8292058616497089,0.8292058616497089,0,,1.6731106393064723,0.9627438146354235,
100706_00001,MSD,0,29020,False,0.7218891439816333,0.7218891439816333,0,,6.794404010839206,0.886856802783373,
100722_00001,MSD,1,14488,False,0.5585201979705257,0.6202465446395219,3988,0.5900200601805417,14.365876871492283,0.7917072013122817,1.0
100727_00001,MSD,1,34288,False,0.9010328260306684,0.918993109108146,1155,1.0,1.5006845991640183,0.9474815522439995,1.0
100751_00001,NIH,0,97637,False,0.85280350472174,0.85280350472174,0,,4.022284619758572,0.9192236335093478,
100762_00001,MSD,0,16727,False,0.7392239119035133,0.7392239119035133,0,,3.39920265684046,0.8766108891749274,
100768_00001,MSD,0,56308,False,0.9084645669291339,0.9084645669291339,0,,1.7513632227140052,0.9394126343321771,
100786_00001,NIH,0,125816,False,0.9203518640416493,0.9203518640416493,0,,2.545516967067754,0.9753483386923901,
100793_00001,MSD,0,16124,False,0.6969704677841935,0.6969704677841935,0,,7.9647406355511725,0.9649151436031331,
100796_00001,MSD,1,46264,False,0.7603139211166119,0.9357623270359422,13989,0.9656873257559511,14.06029684948677,0.9836237849198703,1.0
100797_00001,NIH,0,64908,False,0.8920236143949174,0.8920236143949174,0,,0.819651793113785,0.9470818850878797,
100806_00001,NIH,0,73881,False,0.6028288853314621,0.6028288853314621,0,,11.12542357066493,0.7149250837083776,
100829_00001,MSD,0,41694,False,0.8625632471504031,0.8625632471504031,0,,5.397669942821422,0.9275002855604327,
100840_00001,NIH,0,71851,False,0.928476458365348,0.928476458365348,0,,0.5860592669820562,0.9160181079656444,
100843_00001,NIH,0,116529,False,0.9361920333561704,0.9361920333561704,0,,0.861315752341418,0.96193164326032,
100855_00001,MSD,0,36388,False,0.9028316575620827,0.9028316575620827,0,,1.3229800819612896,0.9694022452643142,
100856_00001,NIH,0,114963,False,0.8891690687016569,0.8891690687016569,0,,7.982165563011818,0.8932082334027357,
100858_00001,MSD,0,22822,False,0.8900322315869552,0.8900322315869552,0,,0.35994481723603194,0.9730481024897268,
100860_00001,MSD,1,23710,False,0.8154129840401857,0.8377076411960133,979,0.9560776302349336,2.2955842349174373,0.9106339029951088,1.0
100866_00001,NIH,0,101308,False,0.9227409997422593,0.9227409997422593,0,,2.8278827656663243,0.9287423394082175,
100868_00001,MSD,0,30419,False,0.86391219767138,0.86391219767138,0,,3.858870949780064,0.9168735750849571,
100875_00001,MSD,1,29868,False,0.8194146386009771,0.8419672131147541,1397,0.9513242662848962,3.6876713943442376,0.9287071913807734,1.0
100879_00001,NIH,0,63491,False,0.8884112615718666,0.8884112615718666,0,,2.373282570464291,0.9494819587009303,
100913_00001,MSD,1,21946,False,0.8084885680943943,0.8430393555425023,1394,0.9949784791965567,4.617895503990393,0.8600937509242007,1.0
100924_00001,MSD,0,28347,False,0.830218573331893,0.830218573331893,0,,1.3986184420811327,0.9572869057014014,
100927_00001,MSD,0,40446,False,0.8590403612083278,0.8590403612083278,0,,0.697838549553928,0.8217741337593855,
100930_00001,MSD,0,31967,False,0.8489233821555698,0.8489233821555698,0,,0.9541664908986787,0.8407829699413721,
100935_00001,NIH,0,80072,False,0.5905791119896127,0.5905791119896127,0,,14.221176831695665,0.8656786267293142,
100943_00001,MSD,1,52707,False,0.8778504767235921,0.9060267837385709,4006,0.836245631552671,0.9966279298509972,0.8966801220382277,1.0
100957_00001,NIH,0,107246,False,0.8999544012049137,0.8999544012049137,0,,1.629734798087498,0.9359719811730753,
100964_00001,MSD,0,20984,False,0.7349748966331955,0.7349748966331955,0,,6.895607479869571,0.9037667454688731,
100976_00001,MSD,1,20192,False,0.5642403905790302,0.5738267954226924,2048,0.43408203125,4.081406900270207,0.7876257411508562,1.0
100980_00001,NIH,0,101217,False,0.918337038263255,0.918337038263255,0,,1.3283752332099759,0.9330993593710403,
100984_00001,NIH,0,185492,False,0.8862118600305843,0.8862118600305843,0,,3.102804993071187,0.9382109479305741,
100995_00001,MSD,1,11625,False,0.6535288725939505,0.6544092377482988,732,0.3442622950819672,9.785443901719365,0.9001085157009755,1.0
100996_00001,NIH,0,136572,False,0.8415219532766011,0.8415219532766011,0,,9.460232926279982,0.8567467747915171,
100999_00001,MSD,0,16227,False,0.7709512260846133,0.7709512260846133,0,,12.660457161968662,0.8281162309850835,
101000_00001,MSD,1,17849,False,0.620707091989381,0.6890931298932741,2479,0.9991932230738201,8.260244852848022,0.9020510333288847,1.0
101021_00001,MSD,1,39584,False,0.8496605948136934,0.8800094994953394,2307,0.9787602947550932,2.6546640525304332,0.959713755632123,1.0
101049_00001,MSD,1,24503,False,0.8437435324309781,0.8776025995908051,1536,0.9713541666666666,3.1872563251979993,0.7385172442373492,1.0
101056_00001,MSD,0,48593,False,0.7452719982319326,0.7452719982319326,0,,18.96649117842459,0.8937539604179254,
101061_00001,NIH,0,90906,False,0.9217734410408168,0.9217734410408168,0,,1.3845423443330278,0.9581500884995449,
101064_00001,MSD,1,25748,False,0.8391547427271866,0.8967838309666505,2798,0.9917798427448177,2.5450365718653374,0.9320226754719186,1.0
101067_00001,NIH,0,145641,False,0.9174471606657296,0.9174471606657296,0,,0.9115756772521835,0.9779952244955288,
101078_00001,MSD,1,54552,False,0.7417298604242224,0.8445854100589035,9990,0.9843843843843844,9.109509584629173,0.9063513255769597,1.0
101086_00001,MSD,0,40727,False,0.9008856729377713,0.9008856729377713,0,,4.600423909026021,0.935215666887633,
101094_00001,MSD,0,49256,False,0.8841874314370788,0.8841874314370788,0,,4.679170366327056,0.9001320490391254,
101111_00001,MSD,1,44522,False,0.9047551018165434,0.9161065796628602,953,1.0,2.163922015661999,0.8912021569661802,1.0
101116_00001,MSD,0,14305,False,0.6668155648203296,0.6668155648203296,0,,12.407662055196678,0.8251321733430237,
101121_00001,NIH,0,88846,False,0.6836866083459885,0.6836866083459885,0,,13.217872430809452,0.8432770941270435,
101123_00001,MSD,1,34068,False,0.693534077862436,0.7801846288570768,5571,0.9861784239813319,7.4343975628081145,0.9556037345208798,1.0
101126_00001,NIH,0,64689,False,0.4938929664461995,0.4938929664461995,0,,15.316458129320004,0.83374343832021,
101127_00001,MSD,1,35932,False,0.8495542209124483,0.8334995254514218,2816,0.1875,6.3889955698769105,0.9391855855855856,1.0
101129_00001,MSD,1,22414,False,0.8414781065866427,0.8791549649997904,2061,0.8568655992236778,6.699018616446201,0.9263773201505664,1.0
101133_00001,MSD,1,28860,False,0.6573351162489756,0.8807929098166565,12758,0.8464492867220568,16.468182166627955,0.909878514649704,1.0
101138_00001,MSD,0,66240,False,0.8512773419044006,0.8512773419044006,0,,4.147517991961275,0.8890460117249955,
101139_00001,MSD,1,12288,False,0.5218106995884774,0.48138989018358624,6406,0.11036528254761162,21.911101008793235,0.7635977015613614,1.0
101147_00001,MSD,1,36636,False,0.8034099075657324,0.7764890173809881,6113,0.21053492556846065,9.353662511529194,0.913210521130923,1.0
101163_00001,MSD,1,44244,False,0.9001150696058302,0.9109469353447323,1776,0.7257882882882883,2.723349046112086,0.9579536579015882,1.0
101168_00001,MSD,1,49984,False,0.8549037169726825,0.8817577828397873,2642,0.9629068887206662,3.3364598070137403,0.9529102258752471,1.0
101192_00001,NIH,0,166117,False,0.900485945969898,0.900485945969898,0,,5.963792253520022,0.8950381679389313,
101198_00001,MSD,0,41237,False,0.8463990541214109,0.8463990541214109,0,,2.4609747704549756,0.9283049142333211,
101210_00001,NIH,0,59439,False,0.8164184599392176,0.8164184599392176,0,,13.549699536249026,0.8778156407712548,
101219_00001,MSD,1,28076,False,0.8172285906945381,0.8319200242737828,3299,0.548044862079418,1.056952554745314,0.9029118575175404,1.0
101220_00001,MSD,1,30705,False,0.8129018231512253,0.8612607952177724,5197,0.7302289782566865,1.7509878946698227,0.9154345968059464,1.0
101234_00001,MSD,0,56967,False,0.8712612133854708,0.8712612133854708,0,,1.4012759234926084,0.9406045089368122,
101235_00001,MSD,0,10403,False,0.6404908798283262,0.6404908798283262,0,,10.824534181362662,0.6494598881716914,
101239_00001,MSD,0,24292,False,0.8477503408574458,0.8477503408574458,0,,2.7591179803056707,0.8668307334068804,
101242_00001,NIH,0,104774,False,0.8555754911635418,0.8555754911635418,0,,7.751239705935456,0.8411427877094123,
101262_00001,NIH,0,84598,False,0.907509199109617,0.907509199109617,0,,1.09745183989834,0.9438033575729607,
101266_00001,MSD,1,39458,False,0.8213804533152103,0.8511271206135255,2189,0.9954317039744175,9.534948684111024,0.8760892003393558,1.0
101272_00001,NIH,0,83595,False,0.7107830101373273,0.7107830101373273,0,,10.71876605252078,0.8980970752119499,
101274_00001,MSD,1,55617,False,0.9018923992633255,0.9268712509780057,2633,0.9965818458032663,2.437261895601902,0.9387005693302269,1.0
101276_00001,NIH,0,75420,False,0.922276134729924,0.922276134729924,0,,2.0199101038513616,0.9369354646822653,
101288_00001,MSD,0,21287,False,0.8067595402095191,0.8067595402095191,0,,4.14145711661449,0.7318354606422104,
101289_00001,NIH,0,124233,False,0.8996561900994919,0.8996561900994919,0,,1.3107393549606032,0.9465071402406412,
101293_00001,MSD,0,28213,False,0.7575092618979766,0.7575092618979766,0,,7.077577231898131,0.8372669341515223,
101294_00001,NIH,0,160084,False,0.910189603788419,0.910189603788419,0,,0.6113040207014677,0.9510619259415217,
101309_00001,NIH,0,95754,False,0.887369955766427,0.887369955766427,0,,5.008795315407602,0.88630245742406,
101319_00001,MSD,0,25309,False,0.7818008575512149,0.7818008575512149,0,,3.3586696302448966,0.846916313572801,
101324_00001,NIH,0,155495,False,0.8784755062401728,0.8784755062401728,0,,2.2199676501376073,0.8863558732230672,
101334_00001,MSD,0,50229,False,0.8640595570710632,0.8640595570710632,0,,3.0124410997591555,0.8805871963088457,
101341_00001,NIH,0,86786,False,0.8698857048202749,0.8698857048202749,0,,1.2921578280598056,0.9360600044196766,
101342_00001,MSD,1,21469,False,0.8889964504678929,0.9105408997724661,1003,0.9212362911266201,4.012616093207822,0.9762495568947182,1.0
101347_00001,NIH,0,117967,False,0.935392550528385,0.935392550528385,0,,0.47846788811207275,0.9658737070018,
101370_00001,MSD,0,19220,False,0.7268615033630964,0.7268615033630964,0,,19.217512786971017,0.7879924953095685,
101381_00001,NIH,0,82886,False,0.7933955612615362,0.7933955612615362,0,,17.440152043112032,0.9300476947535771,
101399_00001,NIH,0,128862,False,0.8991916561965456,0.8991916561965456,0,,2.3784411999948873,0.9399376016782258,
101400_00001,NIH,0,108118,False,0.8962914216570785,0.8962914216570785,0,,3.3750293099202375,0.9492200169725729,
101404_00001,MSD,1,32983,False,0.8129070376388124,0.8366431774503523,2018,0.8562933597621407,3.6703953793393973,0.980017183559214,1.0
101406_00001,MSD,1,20795,False,0.7771306493044076,0.8700774466087773,3291,0.9902765116985719,4.527291534357995,0.9493168030255889,1.0
101414_00001,MSD,0,27716,False,0.901630627437079,0.901630627437079,0,,2.2596261747174484,0.9536355380711207,
101421_00001,MSD,1,50096,False,0.8051261862334756,0.896791519434629,9601,0.9091761274867202,6.627732174488782,0.9253566653588388,1.0
101435_00001,MSD,0,30021,False,0.8348118642184946,0.8348118642184946,0,,2.108193492226046,0.9136062052544598,
101443_00001,MSD,0,19494,False,0.8103665067759512,0.8103665067759512,0,,4.717350566656898,0.890770555886835,
101450_00001,MSD,0,26453,False,0.8942536915139655,0.8942536915139655,0,,1.1632051666501435,0.9744792206446263,
101451_00001,MSD,1,78009,False,0.8958010100323285,0.9027641886010985,4818,0.568285595682856,0.5101457524497709,0.938431121399361,1.0
101455_00001,MSD,0,40397,False,0.8796605031827827,0.8796605031827827,0,,4.01059262918637,0.9602517392353,
101460_00001,MSD,0,11812,False,0.792281154035713,0.792281154035713,0,,6.978584708702981,0.8649098067757376,
101465_00001,MSD,0,36932,False,0.8531283717434263,0.8531283717434263,0,,3.127279385982456,0.9141264046162199,
101469_00001,MSD,0,27252,False,0.7777561209649609,0.7777561209649609,0,,14.659335241067309,0.8829090264265242,
101485_00001,MSD,1,26713,False,0.8760892201457774,0.8981322455989695,1155,0.9714285714285714,0.7293763257237048,0.9824649594890296,1.0
101496_00001,MSD,1,24222,False,0.8256100291023059,0.7798451996514429,9390,0.2701810436634718,0.7386419492490243,0.8775019357668035,1.0
101526_00001,MSD,0,27668,False,0.8488538564070497,0.8488538564070497,0,,4.893499432943116,0.8676491426951962,
101536_00001,MSD,1,39529,False,0.8160952034785887,0.8950687065089055,5331,0.9977490151941475,3.3211772158744504,0.9491445565093203,1.0
101538_00001,MSD,1,14008,False,0.8119233498935415,0.8354807724156206,602,0.9966777408637874,1.6137208039950766,0.91185150326969,1.0
101547_00001,MSD,1,39012,False,0.8275995811193422,0.8429473684210527,1026,1.0,4.398326271639337,0.8635534014241935,1.0
101555_00001,MSD,0,42021,False,0.8581909200759538,0.8581909200759538,0,,7.604364545168567,0.9055392156862745,
101556_00001,MSD,0,26706,False,0.8623111446092706,0.8623111446092706,0,,1.3657959561936512,0.9619117897485383,
101557_00001,MSD,0,14682,False,0.541883001255834,0.541883001255834,0,,5.423095837160025,0.8073855556208498,
101562_00001,NIH,0,91281,False,0.9105672936158573,0.9105672936158573,0,,1.155482196900115,0.9437500910149295,
101567_00001,MSD,0,36504,False,0.9000742700040393,0.9000742700040393,0,,3.2916736947986194,0.9487156251991588,
101570_00001,MSD,0,38185,False,0.7834976192465124,0.7834976192465124,0,,13.341074449640164,0.8118303930074874,
101576_00001,MSD,1,30227,False,0.6424235138546613,0.8012804523156232,22251,0.5788054469462046,23.579132350607072,0.9174560292669199,1.0
101584_00001,MSD,1,8725,False,0.6131413012324448,0.5752411683640886,1839,0.0,10.90596949726358,0.6080090192848869,1.0
101591_00001,MSD,1,34506,False,0.8756214828170246,0.8943353957755494,1780,0.8320224719101124,0.6039584244066117,0.9337352462352463,1.0
101594_00001,MSD,0,32240,False,0.8229106095046783,0.8229106095046783,0,,11.261485202567709,0.9149423414768509,
101601_00001,MSD,0,61051,False,0.8403389855510728,0.8403389855510728,0,,2.242734027500659,0.8572585816991258,
101604_00001,MSD,1,43519,False,0.8120711857966181,0.7566587972532155,7345,0.020966643975493533,8.058356341666961,0.9208104283768586,1.0
101606_00001,NIH,0,78651,False,0.710812261671171,0.710812261671171,0,,6.193433109432233,0.8163683488957113,
101609_00001,MSD,0,15796,False,0.7703760749582852,0.7703760749582852,0,,6.418106593362641,0.8424317630475192,
101613_00001,MSD,0,40632,False,0.8562774883084029,0.8562774883084029,0,,4.304348457175134,0.9253247115252066,
101635_00001,MSD,1,24030,False,0.8552844261816199,0.8639513767927954,2617,0.5170042032862056,1.4364695890573094,0.9296455658217617,1.0
101641_00001,NIH,0,95036,False,0.7954577095495763,0.7954577095495763,0,,6.601342399264799,0.8438610991851574,
101663_00001,MSD,1,40676,False,0.8128222523744911,0.850809142932172,2953,0.9942431425668812,6.637277092917467,0.8495823156848946,1.0
101672_00001,NIH,0,101638,False,0.885075858508093,0.885075858508093,0,,2.8702184389958525,0.8690050377739322,
101681_00001,MSD,0,25189,False,0.8720615159282314,0.8720615159282314,0,,2.550941406763835,0.9349605353195488,
101697_00001,MSD,1,28961,False,0.8265450200934072,0.8830466664413882,3944,0.8372210953346856,1.798854964659906,0.94522758104766,1.0
101700_00001,MSD,0,44501,False,0.9106930629463473,0.9106930629463473,0,,1.0246846114827022,0.9299738804557671,
101701_00001,MSD,0,56672,False,0.8300517712282418,0.8300517712282418,0,,8.321037023755428,0.9298537101013973,
101704_00001,NIH,0,87573,False,0.9064410727572709,0.9064410727572709,0,,1.035488395220543,0.9308510658128979,
101722_00001,MSD,0,37408,False,0.9031536219816819,0.9031536219816819,0,,1.293469611737907,0.9052825146263628,
101733_00001,MSD,1,29676,False,0.8090559722308313,0.8244407774110745,916,0.9541484716157205,3.7845697421907887,0.9587618173840201,1.0
101736_00001,MSD,0,36948,False,0.8919499980689265,0.8919499980689265,0,,2.076576598840357,0.8999398435933427,
101741_00001,MSD,0,43570,False,0.8965633498909892,0.8965633498909892,0,,2.5872939667344985,0.9609652767165047,
101748_00001,MSD,0,54092,False,0.9273144605967866,0.9273144605967866,0,,1.1468430043923705,0.9927640417658566,
101750_00001,MSD,0,38826,False,0.8428837231211286,0.8428837231211286,0,,3.6997518819847657,0.924187725631769,
101754_00001,MSD,0,58361,False,0.8886287066019928,0.8886287066019928,0,,2.4605104322242104,0.9461632696972747,
101759_00001,MSD,1,32532,False,0.8079127860804274,0.8480134881570718,4291,0.7476112794220462,1.890430698949602,0.9194966910484151,1.0
101763_00001,NIH,0,59977,False,0.7866006487963121,0.7866006487963121,0,,6.115446227093244,0.9269763214697243,
101765_00001,NIH,0,74662,False,0.8307707568693582,0.8307707568693582,0,,5.86881428663603,0.9544954739653686,
101768_00001,MSD,0,39888,False,0.8537075949793804,0.8537075949793804,0,,2.6753731528195863,0.9236830938958599,
101798_00001,NIH,0,86722,False,0.900583653366313,0.900583653366313,0,,3.657329102948876,0.9571383037820215,
101815_00001,MSD,1,32188,False,0.773304688959462,0.8700796359499431,6084,0.9459237343852729,16.033472636879154,0.9146740493805022,1.0
101821_00001,MSD,0,19226,False,0.8373646994210394,0.8373646994210394,0,,6.1879486012532094,0.7719311125072844,
101837_00001,MSD,1,36797,False,0.8884633924267581,0.921222512306953,2305,0.9913232104121475,1.5841296322954608,0.9340958657840704,1.0
101838_00001,MSD,1,33154,False,0.8342690321131822,0.904737131560563,4935,0.8974670719351571,4.575191361929977,0.9654174621941481,1.0
101839_00001,NIH,0,109833,False,0.930949552065356,0.930949552065356,0,,0.760735931351423,0.9694927713795638,
101848_00001,MSD,0,23241,False,0.8737815546113472,0.8737815546113472,0,,1.189444463504753,0.9134450796950797,
101851_00001,NIH,0,70368,False,0.9101659861059553,0.9101659861059553,0,,1.1429000691688054,0.8868955728385487,
101867_00001,NIH,0,100096,False,0.8489453804504989,0.8489453804504989,0,,6.717663868219206,0.9201356628820686,
101872_00001,MSD,1,27847,False,0.7667597534577061,0.7605149470459898,8694,0.3585231193926846,14.209812820816197,0.889790398918188,1.0
101889_00001,NIH,0,81749,False,0.9005130666986708,0.9005130666986708,0,,0.5151002994999302,0.9241681434073901,
101914_00001,NIH,0,96818,False,0.8924222430722454,0.8924222430722454,0,,2.1847100901638448,0.949600742950001,
101931_00001,MSD,1,35924,False,0.8361361183590388,0.8927360806265179,3796,0.9920969441517387,4.133216564804223,0.9782608695652174,1.0
101940_00001,MSD,1,32384,False,0.804673956527537,0.90251112330103,5636,0.9719659332860184,1.8176729726926601,0.9688073394495413,1.0
101945_00001,NIH,0,95554,False,0.8912922879512202,0.8912922879512202,0,,1.6543566501616127,0.9687187187187187,
101949_00001,MSD,0,52254,False,0.8860940148068861,0.8860940148068861,0,,0.8127504601690735,0.933220542987868,
101955_00001,MSD,1,33782,False,0.8368704891202275,0.8683815955879477,2157,0.9786740843764488,4.627475630908569,0.9427590645784166,1.0
101963_00001,MSD,0,44080,False,0.820220806620102,0.820220806620102,0,,3.5406284851032326,0.9596430982360366,
101969_00001,MSD,1,9547,False,0.6187067963540711,0.8340125463620129,5492,0.7374362709395484,14.485586975408767,0.9246513186368269,1.0
101976_00001,MSD,1,43278,False,0.8941630759812578,0.9335634167385677,3142,0.9993634627625716,0.7780910865156078,0.9571402664963284,1.0
102013_00001,MSD,1,37139,False,0.88133728652115,0.9178906939326309,2529,0.9976275207591934,1.165814131404002,0.9596054711297186,1.0
102017_00001,NIH,0,115988,False,0.9153707215380141,0.9153707215380141,0,,1.8835522090681163,0.9314473924274287,
102019_00001,MSD,0,12329,False,0.7953424944928145,0.7953424944928145,0,,6.615219204869677,0.9068541300527241,
102024_00001,MSD,1,31888,False,0.9063730056188215,0.9131006062053931,412,1.0,1.2332786934398159,0.9578211293633772,1.0
102026_00001,MSD,1,37242,False,0.8369872048542408,0.8912154876244451,3944,0.9667849898580122,1.7889380497110452,0.9720754716981133,1.0
102035_00001,MSD,1,21529,False,0.8392640602132553,0.8468994656393687,452,0.827433628318584,3.332556404017036,0.9421927424681407,1.0
102037_00001,MSD,1,40272,False,0.8783273195563169,0.9095822463471415,3170,0.8605678233438486,1.7103674103580782,0.9835164835164835,1.0
102047_00001,MSD,0,16133,False,0.834669939210594,0.834669939210594,0,,7.2272762899666905,0.7589367552703942,
102082_00001,MSD,1,65593,False,0.8772584797504881,0.9147415030935431,4448,0.9991007194244604,3.031195184567243,0.9169665105194638,1.0
102083_00001,MSD,1,33143,False,0.823982896112611,0.8996657917007329,5638,0.8799219581411848,3.495709887813243,0.9891758338725808,1.0
102103_00001,MSD,1,99194,False,0.8745312579082255,0.885472490073738,3038,0.8341013824884793,0.9290674492418427,0.9245282846088688,1.0
102104_00001,NIH,0,99821,False,0.9074097745962759,0.9074097745962759,0,,1.0958481985093107,0.942863003820599,
102112_00001,MSD,1,36394,False,0.8893018901691928,0.9266679891555908,2976,0.9193548387096774,2.028304473168513,0.9588053631108152,1.0
102113_00001,NIH,0,125423,False,0.892208023245471,0.892208023245471,0,,1.8738657893390582,0.9357905324291879,
102120_00001,MSD,0,23462,False,0.8623657921762674,0.8623657921762674,0,,3.241778885612682,0.901269581016108,
102128_00001,MSD,1,45071,False,0.876399909317615,0.9031215766119662,2151,0.99953509995351,5.861710244642164,0.9644940205171592,1.0
102136_00001,NIH,0,141232,False,0.9316940551408229,0.9316940551408229,0,,0.8499218645842956,0.9707869647177377,
102141_00001,MSD,1,58028,False,0.8746382958482309,0.8891114675848037,1656,0.9957729468599034,3.236483802574647,0.914599458016825,1.0
102155_00001,MSD,0,102277,False,0.6101491101491101,0.6101491101491101,0,,36.239707972973406,0.6548371386237561,
102163_00001,MSD,0,59899,False,0.8555572087486981,0.8555572087486981,0,,2.810310036936555,0.9636622268201216,
102171_00001,MSD,1,34469,False,0.7569163770860986,0.8924983744045012,8306,0.9934986756561521,5.230524209439392,0.9189626479289941,1.0
102172_00001,MSD,0,22048,False,0.8374288166003588,0.8374288166003588,0,,1.7223487187444184,0.9581707076680466,
102176_00001,MSD,0,55117,False,0.9076301799345693,0.9076301799345693,0,,0.6749071140170414,0.9561632151505295,
102189_00001,NIH,0,95744,False,0.9277829291919417,0.9277829291919417,0,,1.9449406935854134,0.9497759746390703,
102205_00001,MSD,1,17352,False,0.5819523508328063,0.5933643080827722,1427,0.4863349684653118,11.303868210590222,0.703697074010327,1.0
102215_00001,MSD,0,84483,False,0.8990224684658091,0.8990224684658091,0,,1.568065046308299,0.9544958854612647,
102223_00001,MSD,0,42975,False,0.8914763500673738,0.8914763500673738,0,,2.094487673248547,0.8689437955594793,
