case,source,y
100009_00001,MSD,1
100015_00001,NIH,0
100034_00001,MSD,1
100036_00001,MSD,0
100056_00001,MSD,1
100058_00001,MSD,1
100062_00001,MSD,0
100067_00001,NIH,0
100073_00001,MSD,0
100085_00001,MSD,0
100086_00001,MSD,1
100089_00001,NIH,0
100093_00001,MSD,1
100105_00001,MSD,0
100108_00001,MSD,0
100110_00001,MSD,1
100116_00001,MSD,1
100140_00001,MSD,1
100142_00001,MSD,0
100147_00001,MSD,0
100153_00001,MSD,1
100162_00001,MSD,1
100163_00001,MSD,1
100165_00001,MSD,0
100167_00001,MSD,1
100170_00001,NIH,0
100174_00001,NIH,0
100176_00001,MSD,1
100198_00001,MSD,0
100205_00001,MSD,1
100221_00001,NIH,0
100223_00001,NIH,0
100261_00001,MSD,1
100267_00001,MSD,1
100271_00001,NIH,0
100278_00001,MSD,1
100280_00001,MSD,0
100282_00001,MSD,0
100286_00001,MSD,0
100292_00001,MSD,0
100299_00001,NIH,0
100319_00001,MSD,0
100325_00001,MSD,0
100329_00001,NIH,0
100332_00001,NIH,0
100342_00001,MSD,0
100349_00001,MSD,0
100357_00001,NIH,0
100359_00001,NIH,0
100365_00001,MSD,0
100368_00001,MSD,1
100390_00001,MSD,0
100396_00001,MSD,0
100403_00001,MSD,1
100408_00001,NIH,0
100412_00001,MSD,0
100414_00001,NIH,0
100418_00001,MSD,1
100424_00001,MSD,1
100448_00001,MSD,0
100450_00001,NIH,0
100453_00001,NIH,0
100463_00001,MSD,1
100473_00001,NIH,0
100480_00001,MSD,0
100506_00001,MSD,1
100507_00001,NIH,0
100542_00001,MSD,1
100543_00001,NIH,0
100547_00001,NIH,0
100548_00001,NIH,0
100553_00001,NIH,0
100558_00001,MSD,0
100577_00001,NIH,0
100579_00001,NIH,0
100587_00001,NIH,0
100588_00001,MSD,1
100589_00001,MSD,1
100601_00001,MSD,0
100605_00001,NIH,0
100629_00001,MSD,1
100664_00001,MSD,1
100687_00001,MSD,1
100693_00001,MSD,0
100696_00001,MSD,0
100700_00001,NIH,0
100706_00001,MSD,0
100722_00001,MSD,1
100727_00001,MSD,1
100751_00001,NIH,0
100762_00001,MSD,0
100768_00001,MSD,0
100786_00001,NIH,0
100793_00001,MSD,0
100796_00001,MSD,1
100797_00001,NIH,0
100806_00001,NIH,0
100829_00001,MSD,0
100840_00001,NIH,0
100843_00001,NIH,0
100855_00001,MSD,0
100856_00001,NIH,0
100858_00001,MSD,0
100860_00001,MSD,1
100866_00001,NIH,0
100868_00001,MSD,0
100875_00001,MSD,1
100879_00001,NIH,0
100913_00001,MSD,1
100924_00001,MSD,0
100927_00001,MSD,0
100930_00001,MSD,0
100935_00001,NIH,0
100943_00001,MSD,1
100957_00001,NIH,0
100964_00001,MSD,0
100976_00001,MSD,1
100980_00001,NIH,0
100984_00001,NIH,0
100995_00001,MSD,1
100996_00001,NIH,0
100999_00001,MSD,0
101000_00001,MSD,1
101021_00001,MSD,1
101049_00001,MSD,1
101056_00001,MSD,0
101061_00001,NIH,0
101064_00001,MSD,1
101067_00001,NIH,0
101078_00001,MSD,1
101086_00001,MSD,0
101094_00001,MSD,0
101111_00001,MSD,1
101116_00001,MSD,0
101121_00001,NIH,0
101123_00001,MSD,1
101126_00001,NIH,0
101127_00001,MSD,1
101129_00001,MSD,1
101133_00001,MSD,1
101138_00001,MSD,0
101139_00001,MSD,1
101147_00001,MSD,1
101163_00001,MSD,1
101168_00001,MSD,1
101192_00001,NIH,0
101198_00001,MSD,0
101210_00001,NIH,0
101219_00001,MSD,1
101220_00001,MSD,1
101234_00001,MSD,0
101235_00001,MSD,0
101239_00001,MSD,0
101242_00001,NIH,0
101262_00001,NIH,0
101266_00001,MSD,1
101272_00001,NIH,0
101274_00001,MSD,1
101276_00001,NIH,0
101288_00001,MSD,0
101289_00001,NIH,0
101293_00001,MSD,0
101294_00001,NIH,0
101309_00001,NIH,0
101319_00001,MSD,0
101324_00001,NIH,0
101334_00001,MSD,0
101341_00001,NIH,0
101342_00001,MSD,1
101347_00001,NIH,0
101370_00001,MSD,0
101381_00001,NIH,0
101399_00001,NIH,0
101400_00001,NIH,0
101404_00001,MSD,1
101406_00001,MSD,1
101414_00001,MSD,0
101421_00001,MSD,1
101435_00001,MSD,0
101443_00001,MSD,0
101450_00001,MSD,0
101451_00001,MSD,1
101455_00001,MSD,0
101460_00001,MSD,0
101465_00001,MSD,0
101469_00001,MSD,0
101485_00001,MSD,1
101496_00001,MSD,1
101526_00001,MSD,0
101536_00001,MSD,1
101538_00001,MSD,1
101547_00001,MSD,1
101555_00001,MSD,0
101556_00001,MSD,0
101557_00001,MSD,0
101562_00001,NIH,0
101567_00001,MSD,0
101570_00001,MSD,0
101576_00001,MSD,1
101584_00001,MSD,1
101591_00001,MSD,1
101594_00001,MSD,0
101601_00001,MSD,0
101604_00001,MSD,1
101606_00001,NIH,0
101609_00001,MSD,0
101613_00001,MSD,0
101635_00001,MSD,1
101641_00001,NIH,0
101663_00001,MSD,1
101672_00001,NIH,0
101681_00001,MSD,0
101697_00001,MSD,1
101700_00001,MSD,0
101701_00001,MSD,0
101704_00001,NIH,0
101722_00001,MSD,0
101733_00001,MSD,1
101736_00001,MSD,0
101741_00001,MSD,0
101748_00001,MSD,0
101750_00001,MSD,0
101754_00001,MSD,0
101759_00001,MSD,1
101763_00001,NIH,0
101765_00001,NIH,0
101768_00001,MSD,0
101798_00001,NIH,0
101815_00001,MSD,1
101821_00001,MSD,0
101837_00001,MSD,1
101838_00001,MSD,1
101839_00001,NIH,0
101848_00001,MSD,0
101851_00001,NIH,0
101867_00001,NIH,0
101872_00001,MSD,1
101889_00001,NIH,0
101914_00001,NIH,0
101931_00001,MSD,1
101940_00001,MSD,1
101945_00001,NIH,0
101949_00001,MSD,0
101955_00001,MSD,1
101963_00001,MSD,0
101969_00001,MSD,1
101976_00001,MSD,1
102013_00001,MSD,1
102017_00001,NIH,0
102019_00001,MSD,0
102024_00001,MSD,1
102026_00001,MSD,1
102035_00001,MSD,1
102037_00001,MSD,1
102047_00001,MSD,0
102082_00001,MSD,1
102083_00001,MSD,1
102103_00001,MSD,1
102104_00001,NIH,0
102112_00001,MSD,1
102113_00001,NIH,0
102120_00001,MSD,0
102128_00001,MSD,1
102136_00001,NIH,0
102141_00001,MSD,1
102155_00001,MSD,0
102163_00001,MSD,0
102171_00001,MSD,1
102172_00001,MSD,0
102176_00001,MSD,0
102189_00001,NIH,0
102205_00001,MSD,1
102215_00001,MSD,0
102223_00001,MSD,0
