model,score,op,thr,dutch_sens,dutch_spec,msd_sens,msd_spec,nih_spec
fold0,p_max,youden,0.9801673293113708,0.8267716535433071,0.6917293233082706,0.826530612244898,0.5625,0.6625
fold0,p_max,sens90,0.965963900089264,0.905511811023622,0.4774436090225564,0.8979591836734694,0.375,0.4125
fold1,p_max,youden,0.9851289987564088,0.7194244604316546,0.7677165354330708,0.7346938775510204,0.7916666666666666,0.8875
fold1,p_max,sens90,0.9656413197517396,0.9064748201438849,0.41732283464566927,0.9081632653061225,0.3645833333333333,0.575
fold2,p_max,youden,0.983847200870514,0.7525773195876289,0.6452702702702703,0.8469387755102041,0.6041666666666666,0.75
fold2,p_max,sens90,0.9499022960662842,0.9072164948453608,0.28378378378378377,0.9183673469387755,0.3229166666666667,0.3125
fold3,p_max,youden,0.9841241240501404,0.803921568627451,0.6529209621993127,0.8163265306122449,0.6145833333333334,0.7875
fold3,p_max,sens90,0.9765800833702089,0.9019607843137255,0.5292096219931272,0.8979591836734694,0.4270833333333333,0.65
fold4,p_max,youden,0.986929178237915,0.7787610619469026,0.6666666666666666,0.8163265306122449,0.59375,0.775
fold4,p_max,sens90,0.9714828729629515,0.9026548672566371,0.3835125448028674,0.9285714285714286,0.34375,0.5
ensemble (pooled CV thr),p_max,youden,0.9832789301872252,,,0.7857142857142857,0.78125,0.875
ensemble (pooled CV thr),p_max,sens90,0.967348575592041,,,0.8571428571428571,0.6145833333333334,0.675
fold0,cc_psz,youden,1.7045265685475837,0.6929133858267716,0.7631578947368421,0.42857142857142855,0.8541666666666666,0.75
fold0,cc_psz,sens90,1.5606022568080302,0.905511811023622,0.42857142857142855,0.7959183673469388,0.53125,0.4
fold1,cc_psz,youden,1.6786658778496464,0.7410071942446043,0.7007874015748031,0.5408163265306123,0.8125,0.775
fold1,cc_psz,sens90,1.5681809711454406,0.9064748201438849,0.44881889763779526,0.7959183673469388,0.5729166666666666,0.5125
fold2,cc_psz,youden,1.687394636036554,0.7010309278350515,0.75,0.4897959183673469,0.7708333333333334,0.75
fold2,cc_psz,sens90,1.5242362253782555,0.9072164948453608,0.3581081081081081,0.8571428571428571,0.4895833333333333,0.3125
fold3,cc_psz,youden,1.720312123913053,0.6764705882352942,0.8350515463917526,0.3469387755102041,0.8645833333333334,0.85
fold3,cc_psz,sens90,1.5314786262494822,0.9019607843137255,0.4020618556701031,0.8877551020408163,0.4166666666666667,0.3625
fold4,cc_psz,youden,1.6997730505982755,0.7168141592920354,0.8172043010752689,0.47959183673469385,0.8541666666666666,0.75
fold4,cc_psz,sens90,1.6182882216168315,0.9026548672566371,0.6164874551971327,0.7653061224489796,0.7291666666666666,0.575
ensemble (pooled CV thr),cc_psz,youden,1.6786658778496464,,,0.5102040816326531,0.84375,0.8125
ensemble (pooled CV thr),cc_psz,sens90,1.5577292783114471,,,0.7959183673469388,0.6875,0.6
