case,source,y,n_ref,n_pred,dice,p_max,p_sum,cc_psz
100009_00001,MSD,1,1533,1137,0.25617977528089886,0.9921537041664124,1209.3162841796875,1.5832455480483036
100015_00001,NIH,0,0,3611,0.0,0.9880620241165161,4150.96875,1.6686293341126068
100034_00001,MSD,1,8439,7141,0.7442875481386393,0.9900057911872864,7171.6044921875,1.7887720650141528
100036_00001,MSD,0,0,48,0.0,0.6919138431549072,303.2735595703125,0.8769804040767286
100056_00001,MSD,1,5179,11322,0.5045754802739227,0.9895311594009399,11332.6435546875,1.8437032347560667
100058_00001,MSD,1,848,990,0.6060935799782372,0.9803749918937683,1085.364990234375,1.5104188871216715
100062_00001,MSD,0,0,725,0.0,0.9673795104026794,914.9675903320312,1.4984421017396128
100067_00001,NIH,0,0,4218,0.0,0.9710193276405334,4577.125,1.5862523914810673
100073_00001,MSD,0,0,53495,0.0,0.9868533611297607,52222.0234375,2.0189176414085246
100085_00001,MSD,0,0,855,0.0,0.9928923845291138,948.9722290039062,1.5356222472717747
100086_00001,MSD,1,2978,5870,0.6661392405063291,0.9907855987548828,6117.09521484375,1.7610676771339142
100089_00001,NIH,0,0,0,nan,0.3239145278930664,973.5446166992188,0.3239145278930664
100093_00001,MSD,1,2822,4484,0.7103750342184506,0.9921537041664124,4739.80908203125,1.682202719892689
100105_00001,MSD,0,0,991,0.0,0.9499022960662842,1586.9044189453125,1.4021124111973697
100108_00001,MSD,0,0,0,nan,0.43576645851135254,90.02037048339844,0.43576645851135254
100110_00001,MSD,1,1107,2332,0.5821459726664728,0.9943251013755798,2422.17236328125,1.6309030035942098
100116_00001,MSD,1,3514,1650,0.580557707203718,0.991455614566803,1652.24560546875,1.6246963549431361
100140_00001,MSD,1,184,520,0.0,0.9699850082397461,852.8555908203125,1.4155489388356517
100142_00001,MSD,0,0,763,0.0,0.988244891166687,945.9567260742188,1.532617303117174
100147_00001,MSD,0,0,917,0.0,0.9451974034309387,1269.5400390625,1.3738311619347838
100153_00001,MSD,1,20760,30820,0.780884063590539,0.9851003289222717,30806.65625,1.960926441519483
100162_00001,MSD,1,10887,14930,0.8018747337025991,0.9858275651931763,14945.1533203125,1.8709906248772386
100163_00001,MSD,1,5001,2704,0.700324464633355,0.9908919930458069,3077.164306640625,1.678134495964358
100165_00001,MSD,0,0,595,0.0,0.9846641421318054,682.60009765625,1.5074951393370626
100167_00001,MSD,1,2423,3240,0.7995761963623521,0.9922744631767273,3287.89453125,1.684629206336278
100170_00001,NIH,0,0,8306,0.0,0.9862577319145203,8598.0126953125,1.7669888022616802
100174_00001,NIH,0,0,8236,0.0,0.9643886089324951,10243.923828125,1.6400539126441194
100176_00001,MSD,1,3911,2879,0.6568483063328424,0.991186797618866,3032.703857421875,1.675997637529578
100198_00001,MSD,0,0,74,0.0,0.7349288463592529,762.5595092773438,0.9791759589516638
100205_00001,MSD,1,5187,4510,0.7466226668041662,0.9908034801483154,4445.50830078125,1.736198164746277
100221_00001,NIH,0,0,5350,0.0,0.9700703024864197,8500.7568359375,1.624154768095373
100223_00001,NIH,0,0,2198,0.0,0.9818752408027649,2870.330810546875,1.623055978989649
100261_00001,MSD,1,2072,3630,0.6709926341634515,0.9917803406715393,3617.414306640625,1.7129417855131923
100267_00001,MSD,1,7444,6058,0.835579914086802,0.9909622073173523,6004.888671875,1.7709747799942834
100271_00001,NIH,0,0,4402,0.0,0.9853561520576477,5455.2470703125,1.6853658913101484
100278_00001,MSD,1,5187,4510,0.7466226668041662,0.9908034801483154,4445.50830078125,1.736198164746277
100280_00001,MSD,0,0,5387,0.0,0.985496461391449,5588.046875,1.7038883362825654
100282_00001,MSD,0,0,588,0.0,0.8877896666526794,757.6780395507812,1.2865286230025934
100286_00001,MSD,0,0,1504,0.0,0.9778199791908264,1684.9249267578125,1.5061749247842076
100292_00001,MSD,0,0,586,0.0,0.9430860280990601,986.5341796875,1.3515873830994372
100299_00001,NIH,0,0,1746,0.0,0.8664717674255371,3268.8095703125,1.4252488495764395
100319_00001,MSD,0,0,574,0.0,0.9314625263214111,712.8179321289062,1.4226328965292188
100325_00001,MSD,0,0,1645,0.0,0.9891397356987,1770.7398681640625,1.5906660333692795
100329_00001,NIH,0,0,9214,0.0,0.983020007610321,13700.1435546875,1.8059055930014913
100332_00001,NIH,0,0,1877,0.0,0.9728307723999023,2665.314453125,1.554446797845757
100342_00001,MSD,0,0,0,nan,0.26597580313682556,189.37049865722656,0.26597580313682556
100349_00001,MSD,0,0,971,0.0,0.9895513653755188,1269.26416015625,1.560651940288471
100357_00001,NIH,0,0,1440,0.0,0.9793343544006348,3098.10400390625,1.5894475577323037
100359_00001,NIH,0,0,852,0.0,0.8645965456962585,1455.0709228515625,1.3510665160603197
100365_00001,MSD,0,0,0,nan,0.3755633234977722,514.6882934570312,0.3755633234977722
100368_00001,MSD,1,5465,4393,0.8001623047271251,0.9922294020652771,4472.9140625,1.735652742745885
100390_00001,MSD,0,0,2080,0.0,0.9934484362602234,2311.58251953125,1.590348873925301
100396_00001,MSD,0,0,1250,0.0,0.9762426614761353,3388.842041015625,1.4759814869150272
100403_00001,MSD,1,3022,7,0.0,0.5254296660423279,470.5406188964844,0.5982110886126879
100408_00001,NIH,0,0,8823,0.0,0.9915707111358643,9587.5068359375,1.7992921450174728
100412_00001,MSD,0,0,3044,0.0,0.9795113801956177,3386.228271484375,1.5943169463198357
100414_00001,NIH,0,0,4658,0.0,0.9885361194610596,5231.8857421875,1.68990327738643
100418_00001,MSD,1,1154,78,0.0,0.7112805247306824,184.30580139160156,0.9510000894959251
100424_00001,MSD,1,8746,7721,0.8813991619602842,0.9905142784118652,7732.04541015625,1.799032367891728
100448_00001,MSD,0,0,1879,0.0,0.9913725852966309,1916.674560546875,1.6386971198745224
100450_00001,NIH,0,0,1700,0.0,0.9878058433532715,1768.4210205078125,1.6093174125644074
100453_00001,NIH,0,0,1011,0.0,0.9121235609054565,1530.8656005859375,1.4466731388574665
100463_00001,MSD,1,2934,2278,0.7409823484267076,0.9929060935974121,2498.78271484375,1.659031213653554
100473_00001,NIH,0,0,8633,0.0,0.9780097603797913,10834.716796875,1.6593812380539161
100480_00001,MSD,0,0,333,0.0,0.9077220559120178,537.5331420898438,1.3322897713378148
100506_00001,MSD,1,1859,5238,0.501056784556855,0.9913892149925232,5203.55517578125,1.7168037596849453
100507_00001,NIH,0,0,4051,0.0,0.9861780405044556,5034.87451171875,1.5842586654942388
100542_00001,MSD,1,2154,6388,0.41067665652072116,0.9912039041519165,6430.55322265625,1.7427914410377883
100543_00001,NIH,0,0,1222,0.0,0.8276889324188232,1830.7410888671875,1.324842792113928
100547_00001,NIH,0,0,12530,0.0,0.9853278994560242,14160.6220703125,1.7993607897084603
100548_00001,NIH,0,0,1222,0.0,0.9511876106262207,1484.2220458984375,1.5278155711721897
100553_00001,NIH,0,0,4162,0.0,0.9823216199874878,4474.7265625,1.6139429835011634
100558_00001,MSD,0,0,6003,0.0,0.9883801937103271,6541.9013671875,1.765286731106837
100577_00001,NIH,0,0,2144,0.0,0.9792153835296631,2492.036376953125,1.5985125779012843
100579_00001,NIH,0,0,3093,0.0,0.9736696481704712,3383.86083984375,1.5999141910788155
100587_00001,NIH,0,0,6072,0.0,0.9917803406715393,7275.8955078125,1.7366447065166633
100588_00001,MSD,1,16604,14831,0.8678861142039128,0.9874721169471741,15652.9365234375,1.8732807503607554
100589_00001,MSD,1,1259,17204,0.041488382169744896,0.9439190030097961,17781.05859375,1.8012666093293652
100601_00001,MSD,0,0,13029,0.0,0.9816479682922363,12698.5693359375,1.6894807413442618
100605_00001,NIH,0,0,631,0.0,0.8622937202453613,1195.0364990234375,1.3253294462633773
100629_00001,MSD,1,1361,868,0.13189771197846567,0.983502209186554,1052.6868896484375,1.4702174119076679
100664_00001,MSD,1,6002,7156,0.8142574859401125,0.9921080470085144,8655.8779296875,1.7764298795930795
100687_00001,MSD,1,4456,6370,0.8213559948272677,0.9917163252830505,6392.458984375,1.7782661351982543
100693_00001,MSD,0,0,16094,0.0,0.9888849258422852,16971.640625,1.8479006630735653
100696_00001,MSD,0,0,1876,0.0,0.9634374976158142,2378.9443359375,1.5306484724898732
100700_00001,NIH,0,0,1006,0.0,0.9328213930130005,1810.631103515625,1.408212840554959
100706_00001,MSD,0,0,4804,0.0,0.9485848546028137,5709.14697265625,1.655884454390255
100722_00001,MSD,1,3988,5073,0.627966008166869,0.9868786931037903,6014.98388671875,1.7368574598790791
100727_00001,MSD,1,1155,1633,0.8156384505021521,0.9938190579414368,1643.4510498046875,1.6274452972875975
100751_00001,NIH,0,0,3871,0.0,0.9912716746330261,4005.9921875,1.7009784514705841
100762_00001,MSD,0,0,714,0.0,0.9203612804412842,1058.8883056640625,1.360849150902331
100768_00001,MSD,0,0,33038,0.0,0.974190354347229,32782.109375,1.9419679819747107
100786_00001,NIH,0,0,5132,0.0,0.9776499271392822,5480.46044921875,1.6117325736656916
100793_00001,MSD,0,0,681,0.0,0.9367494583129883,1618.0477294921875,1.3618841166104214
100796_00001,MSD,1,13989,11621,0.8729402577118314,0.9903290271759033,11493.4560546875,1.8483990732380888
100797_00001,NIH,0,0,12621,0.0,0.9909971952438354,12520.9228515625,1.8598532434963801
100806_00001,NIH,0,0,8153,0.0,0.9839090704917908,9541.8798828125,1.7935333657786479
100829_00001,MSD,0,0,1197,0.0,0.9374975562095642,1812.3126220703125,1.4879906560677314
100840_00001,NIH,0,0,792,0.0,0.9785287380218506,864.9320068359375,1.5269398528162745
100843_00001,NIH,0,0,3288,0.0,0.940078616142273,4211.24755859375,1.5749956658614737
100855_00001,MSD,0,0,474,0.0,0.9107837677001953,646.681884765625,1.3327511872078033
100856_00001,NIH,0,0,50,0.0,0.6248946189880371,1302.4617919921875,0.8110944914492547
100858_00001,MSD,0,0,1308,0.0,0.991169810295105,1422.90234375,1.5361553403449224
100860_00001,MSD,1,979,13075,0.0,0.990678071975708,12859.69921875,1.7776499161791042
100866_00001,NIH,0,0,30,0.0,0.5994850993156433,394.5773010253906,0.752061130408586
100868_00001,MSD,0,0,3669,0.0,0.9665054082870483,4622.08056640625,1.530781840279739
100875_00001,MSD,1,1397,807,0.0,0.9638481140136719,1014.3602294921875,1.4741277089747755
100879_00001,NIH,0,0,2025,0.0,0.9526622891426086,2367.677734375,1.5287557748889913
100913_00001,MSD,1,1394,4201,0.49830205540661304,0.9936116337776184,4525.32080078125,1.6879369402927717
100924_00001,MSD,0,0,873,0.0,0.9519526958465576,976.4970092773438,1.4122349722643368
100927_00001,MSD,0,0,53,0.0,0.6480766534805298,223.6830291748047,0.8444580911117081
100930_00001,MSD,0,0,11140,0.0,0.986336886882782,10989.2431640625,1.8315359625411205
100935_00001,NIH,0,0,4194,0.0,0.95707768201828,7610.1123046875,1.622060653772382
100943_00001,MSD,1,4006,3600,0.9234814620036813,0.9911182522773743,3595.9716796875,1.7108514708218336
100957_00001,NIH,0,0,908,0.0,0.9478174448013306,1957.464111328125,1.482204922679794
100964_00001,MSD,0,0,823,0.0,0.9473810195922852,1188.683349609375,1.3825617773109264
100976_00001,MSD,1,2048,987,0.31367380560131797,0.953880250453949,1306.2357177734375,1.485168656099839
100980_00001,NIH,0,0,3718,0.0,0.9835337996482849,4481.669921875,1.6319724677306138
100984_00001,NIH,0,0,14958,0.0,0.9829546809196472,28904.541015625,1.7150732534803355
100995_00001,MSD,1,732,10781,0.0,0.9860979318618774,11842.4482421875,1.7964330468593603
100996_00001,NIH,0,0,10181,0.0,0.9877586960792542,11512.830078125,1.7287727455370059
100999_00001,MSD,0,0,719,0.0,0.9916033148765564,750.1831665039062,1.5053126885299293
101000_00001,MSD,1,2479,4343,0.0,0.9904590845108032,4394.02685546875,1.692499442767487
101021_00001,MSD,1,2307,3405,0.12955182072829133,0.9877822995185852,3535.20947265625,1.698774424732585
101049_00001,MSD,1,1536,2106,0.30203185063152116,0.9907855987548828,2415.8134765625,1.5765002513969746
101056_00001,MSD,0,0,528,0.0,0.9308992624282837,1913.1766357421875,1.3440512107263878
101061_00001,NIH,0,0,2399,0.0,0.9710743427276611,2617.447998046875,1.6315028223442243
101064_00001,MSD,1,2798,3598,0.8708567854909318,0.9909622073173523,3562.052001953125,1.71051873734161
101067_00001,NIH,0,0,2301,0.0,0.9650862812995911,3684.762939453125,1.4895580299106288
101078_00001,MSD,1,9990,13578,0.816785471826205,0.9889705181121826,13855.73828125,1.8455135758654555
101086_00001,MSD,0,0,427,0.0,0.8941442370414734,1095.475341796875,1.3320301493070645
101094_00001,MSD,0,0,589,0.0,0.9561044573783875,2223.772705078125,1.4216545887650465
101111_00001,MSD,1,953,1830,0.5303629177146963,0.9894090890884399,2186.075439453125,1.619693303593574
101116_00001,MSD,0,0,1658,0.0,0.9931228756904602,1728.936767578125,1.6188327557049744
101121_00001,NIH,0,0,17368,0.0,0.9890975952148438,19559.990234375,1.896221792033089
101123_00001,MSD,1,5571,923,0.0,0.9729852676391602,1177.5313720703125,1.5240148509714246
101126_00001,NIH,0,0,1701,0.0,0.8303879499435425,4628.7939453125,1.3398460120493652
101127_00001,MSD,1,2816,5495,0.6771748285404885,0.9906237721443176,5535.8896484375,1.758895044728387
101129_00001,MSD,1,2061,1891,0.7737854251012146,0.9918279647827148,1890.5611572265625,1.6271954788173681
101133_00001,MSD,1,12758,11665,0.8645948491176351,0.9881309270858765,11727.677734375,1.8447611410080587
101138_00001,MSD,0,0,5436,0.0,0.9811487793922424,6502.4140625,1.6802905193312108
101139_00001,MSD,1,6406,6409,0.8018728053062817,0.9904221296310425,6372.04296875,1.7766683001772885
101147_00001,MSD,1,6113,6981,0.8691003513059417,0.9908034801483154,7000.97802734375,1.7875109019395128
101163_00001,MSD,1,1776,1843,0.7532467532467533,0.9932156205177307,3759.051513671875,1.639627637640905
101168_00001,MSD,1,2642,3279,0.07836514102347576,0.9912716746330261,3508.681640625,1.631151615556883
101192_00001,NIH,0,0,1714,0.0,0.9481545686721802,2335.6953125,1.4624036142246857
101198_00001,MSD,0,0,2400,0.0,0.9837850332260132,2821.8037109375,1.6408777968927062
101210_00001,NIH,0,0,0,nan,0.28373175859451294,583.8265380859375,0.28373175859451294
101219_00001,MSD,1,3299,1752,0.2926153236982776,0.9900057911872864,2012.7442626953125,1.5944229704052362
101220_00001,MSD,1,5197,4739,0.9158615136876006,0.991101086139679,4736.71484375,1.742463672973939
101234_00001,MSD,0,0,2722,0.0,0.9785082340240479,2837.052734375,1.6578950158872146
101235_00001,MSD,0,0,17261,0.0,0.9903663396835327,17375.771484375,1.8687516999953753
101239_00001,MSD,0,0,682,0.0,0.9651191234588623,1057.48779296875,1.4186855512296725
101242_00001,NIH,0,0,6370,0.0,0.9571177959442139,7109.25537109375,1.6944162066937194
101262_00001,NIH,0,0,3837,0.0,0.9444336295127869,5161.130859375,1.6314068797010237
101266_00001,MSD,1,2189,3788,0.693993642295466,0.9920772910118103,3963.096435546875,1.6920431743517792
101272_00001,NIH,0,0,248,0.0,0.8190264105796814,2932.56396484375,1.1679572427220362
101274_00001,MSD,1,2633,11943,0.3395993413830955,0.991859495639801,14580.91015625,1.7358192353108564
101276_00001,NIH,0,0,3449,0.0,0.9719659090042114,3706.978759765625,1.5823180374807282
101288_00001,MSD,0,0,40231,0.0,0.992408037185669,41544.60546875,1.88115026239185
101289_00001,NIH,0,0,2728,0.0,0.9781979322433472,3502.493896484375,1.6556931857602317
101293_00001,MSD,0,0,1548,0.0,0.9446382522583008,2237.302734375,1.4072577399855755
101294_00001,NIH,0,0,1585,0.0,0.895613968372345,2894.633544921875,1.4484230784203014
101309_00001,NIH,0,0,9510,0.0,0.9908567667007446,9563.8779296875,1.7598199599916136
101319_00001,MSD,0,0,3798,0.0,0.9762200117111206,4389.88330078125,1.5732052040025173
101324_00001,NIH,0,0,6799,0.0,0.9812209606170654,9930.7353515625,1.622548188438433
101334_00001,MSD,0,0,56,0.0,0.620276689529419,456.0401916503906,0.7462083868020251
101341_00001,NIH,0,0,2411,0.0,0.9733928442001343,2950.7021484375,1.5165994004362995
101342_00001,MSD,1,1003,824,0.5221674876847291,0.9883352518081665,1018.4560546875,1.5101942367232044
101347_00001,NIH,0,0,0,nan,0.2797792851924896,362.529541015625,0.2797792851924896
101370_00001,MSD,0,0,8299,0.0,0.992452085018158,8355.529296875,1.7835232613420835
101381_00001,NIH,0,0,7539,0.0,0.9794526100158691,8862.25390625,1.7419794307399667
101399_00001,NIH,0,0,8281,0.0,0.9896118640899658,9442.966796875,1.7387144503357703
101400_00001,NIH,0,0,3662,0.0,0.9697853922843933,4623.07421875,1.6267736305757075
101404_00001,MSD,1,2018,12315,0.10716528291355613,0.9903102517127991,15667.28125,1.6432753382518281
101406_00001,MSD,1,3291,1678,0.2954316763936406,0.9894499182701111,1714.7646484375,1.5803470401644555
101414_00001,MSD,0,0,3275,0.0,0.9919535517692566,3253.147705078125,1.6399479465147453
101421_00001,MSD,1,9601,15349,0.7662525050100201,0.9894702434539795,15131.5166015625,1.8692446480771965
101435_00001,MSD,0,0,2716,0.0,0.9836598634719849,3189.991943359375,1.5059576148823366
101443_00001,MSD,0,0,4880,0.0,0.9910838603973389,6603.048828125,1.6424439333074003
101450_00001,MSD,0,0,1413,0.0,0.9873506426811218,1703.200927734375,1.5450294062460848
101451_00001,MSD,1,4818,30689,0.0,0.9740919470787048,30966.33203125,1.9204796815149037
101455_00001,MSD,0,0,999,0.0,0.9779467582702637,1164.425048828125,1.5351461845591752
101460_00001,MSD,0,0,303,0.0,0.9757854342460632,409.3898620605469,1.4281829353050741
101465_00001,MSD,0,0,254,0.0,0.8843392729759216,369.2141418457031,1.2555644023208865
101469_00001,MSD,0,0,2388,0.0,0.9935992956161499,2595.438232421875,1.5878191546221545
101485_00001,MSD,1,1155,425,0.03291139240506329,0.9248236417770386,632.3305053710938,1.3412174188331858
101496_00001,MSD,1,9390,7685,0.8833967789165447,0.9891605973243713,7782.1064453125,1.7960140630690804
101526_00001,MSD,0,0,6185,0.0,0.9423477053642273,6719.794921875,1.6756499311944069
101536_00001,MSD,1,5331,4634,0.9045659809332665,0.9915870428085327,4617.25927734375,1.7407159622270958
101538_00001,MSD,1,602,2429,0.24480369515011546,0.9930827617645264,2464.455322265625,1.5867129739005672
101547_00001,MSD,1,1026,1759,0.7281867145421903,0.9932418465614319,1769.2335205078125,1.6345795628000197
101555_00001,MSD,0,0,1471,0.0,0.9879462122917175,2042.3955078125,1.4950806963012648
101556_00001,MSD,0,0,444,0.0,0.9379537105560303,597.0762939453125,1.3546013929783305
101557_00001,MSD,0,0,4435,0.0,0.9934865236282349,4780.33642578125,1.69748964302174
101562_00001,NIH,0,0,3763,0.0,0.9519526958465576,4275.51806640625,1.498818352026453
101567_00001,MSD,0,0,2736,0.0,0.9939378499984741,2832.894775390625,1.631367012137829
101570_00001,MSD,0,0,1266,0.0,0.9795701503753662,1748.609375,1.4862861551691582
101576_00001,MSD,1,22251,2741,0.14708706786171574,0.9898695349693298,2857.08447265625,1.63690720457831
101584_00001,MSD,1,1839,2856,0.36719914802981896,0.9875922799110413,2865.87646484375,1.6780662468184
101591_00001,MSD,1,1780,2984,0.7216624685138538,0.9917323589324951,3014.794677734375,1.6906267584864239
101594_00001,MSD,0,0,8593,0.0,0.9885804057121277,8588.8974609375,1.8083742693725902
101601_00001,MSD,0,0,1216,0.0,0.9763782024383545,3923.848388671875,1.4880689724946268
101604_00001,MSD,1,7345,1718,0.0,0.9210741519927979,2223.59228515625,1.427385045368357
101606_00001,NIH,0,0,4558,0.0,0.9519079327583313,6558.82421875,1.5691386790152413
101609_00001,MSD,0,0,8648,0.0,0.9889278411865234,9466.708984375,1.7863229679933024
101613_00001,MSD,0,0,15996,0.0,0.9850141406059265,23701.7890625,1.836834076238058
101635_00001,MSD,1,2617,2667,0.5904617713853142,0.9930017590522766,3003.746337890625,1.6221912519485295
101641_00001,NIH,0,0,4608,0.0,0.9894499182701111,7318.78662109375,1.6903002851569338
101663_00001,MSD,1,2953,362,0.0,0.9170801043510437,589.5040893554688,1.3582754247728788
101672_00001,NIH,0,0,3181,0.0,0.940188467502594,3574.157470703125,1.4973927906780293
101681_00001,MSD,0,0,0,nan,0.2255018949508667,197.7383575439453,0.2255018949508667
101697_00001,MSD,1,3944,3532,0.8590155163188871,0.9924374222755432,3508.594970703125,1.7109520758902281
101700_00001,MSD,0,0,2584,0.0,0.9887337684631348,2853.008544921875,1.6503522555080594
101701_00001,MSD,0,0,2815,0.0,0.9723097085952759,3625.11767578125,1.6172801956331755
101704_00001,NIH,0,0,2505,0.0,0.9825909733772278,3712.368896484375,1.6060638368331586
101722_00001,MSD,0,0,3641,0.0,0.9928786158561707,3698.9033203125,1.7151846017225918
101733_00001,MSD,1,916,3494,0.05714285714285714,0.9912208914756775,4425.65478515625,1.5887682795820577
101736_00001,MSD,0,0,1378,0.0,0.9826908707618713,1519.3414306640625,1.4951457840224684
101741_00001,MSD,0,0,4203,0.0,0.9849852323532104,4507.44775390625,1.7039550389581684
101748_00001,MSD,0,0,909,0.0,0.9874235987663269,1405.41552734375,1.536589077726396
101750_00001,MSD,0,0,3679,0.0,0.991305410861969,3838.826904296875,1.7135283715146106
101754_00001,MSD,0,0,1221,0.0,0.9881537556648254,1708.170166015625,1.5106112843527402
101759_00001,MSD,1,4291,2552,0.7005699254712845,0.9934357404708862,2584.511474609375,1.6759658242618278
101763_00001,NIH,0,0,10326,0.0,0.9878294467926025,11220.478515625,1.8085196843682942
101765_00001,NIH,0,0,1167,0.0,0.9492946267127991,2816.617919921875,1.5160309357283315
101768_00001,MSD,0,0,85,0.0,0.8568721413612366,1242.2760009765625,1.123253781924804
101798_00001,NIH,0,0,3213,0.0,0.9673795104026794,3723.192626953125,1.585945260487441
101815_00001,MSD,1,6084,3688,0.6882930822758903,0.9913892149925232,3646.293701171875,1.714076697705275
101821_00001,MSD,0,0,7677,0.0,0.9759923219680786,7921.68896484375,1.7677251412056285
101837_00001,MSD,1,2305,4241,0.592728383745799,0.9932942390441895,4178.5439453125,1.6727127068958905
101838_00001,MSD,1,4935,4923,0.8610265773990667,0.9927951693534851,4891.29345703125,1.7498801756503495
101839_00001,NIH,0,0,2689,0.0,0.9478174448013306,3667.15576171875,1.5182544587052509
101848_00001,MSD,0,0,1457,0.0,0.9820137619972229,2994.7783203125,1.4787182723285017
101851_00001,NIH,0,0,1175,0.0,0.8622356653213501,2617.963134765625,1.3230418361689926
101867_00001,NIH,0,0,2096,0.0,0.9537081718444824,2855.013916015625,1.5399180193640598
101872_00001,MSD,1,8694,9447,0.8511107436194256,0.9891186952590942,9449.23828125,1.8157804994920175
101889_00001,NIH,0,0,2040,0.0,0.9781979322433472,2341.9033203125,1.6258061109733177
101914_00001,NIH,0,0,7884,0.0,0.9157336354255676,19167.943359375,1.6446707587479104
101931_00001,MSD,1,3796,2978,0.7080011809861234,0.9921080470085144,3711.637451171875,1.6713412594353532
101940_00001,MSD,1,5636,4927,0.6814351983338067,0.9926113486289978,6747.16015625,1.7191020530381291
101945_00001,NIH,0,0,11846,0.0,0.9882221817970276,12094.7626953125,1.8468262825833643
101949_00001,MSD,0,0,1927,0.0,0.968110978603363,2376.938720703125,1.4999973025420699
101955_00001,MSD,1,2157,3331,0.6432215743440233,0.9935494065284729,3449.202880859375,1.6457969390775007
101963_00001,MSD,0,0,4667,0.0,0.988863468170166,5044.748046875,1.736756180292292
101969_00001,MSD,1,5492,4847,0.8101363768256118,0.9885361194610596,4927.60302734375,1.7401593434657205
101976_00001,MSD,1,3142,2234,0.6986607142857143,0.9923192858695984,2237.603271484375,1.6592951480385434
102013_00001,MSD,1,2529,2216,0.501159114857745,0.9917163252830505,2363.04931640625,1.6573927937781645
102017_00001,NIH,0,0,3424,0.0,0.9514589309692383,4221.68701171875,1.5918223792353805
102019_00001,MSD,0,0,164,0.0,0.808672308921814,295.9910888671875,1.1361320948877613
102024_00001,MSD,1,412,1996,0.0,0.9916841983795166,2645.035888671875,1.551935832001292
102026_00001,MSD,1,3944,5978,0.31929046563192903,0.9904590845108032,6125.02294921875,1.7685076132587128
102035_00001,MSD,1,452,2463,0.10428816466552315,0.991186797618866,2533.908203125,1.668219280110253
102037_00001,MSD,1,3170,2154,0.6205860255447032,0.9932418465614319,3338.957275390625,1.6283445970611847
102047_00001,MSD,0,0,877,0.0,0.9495291709899902,986.3141479492188,1.4436191377753913
102082_00001,MSD,1,4448,605,0.0,0.8756275177001953,864.4796142578125,1.2942153381031616
102083_00001,MSD,1,5638,2957,0.5787085514834206,0.9913222789764404,2987.493896484375,1.676142067159336
102103_00001,MSD,1,3038,7244,0.5162419762692083,0.9932025074958801,7473.416015625,1.7210620164807913
102104_00001,NIH,0,0,5749,0.0,0.9908744096755981,5897.619140625,1.6633413470654252
102112_00001,MSD,1,2976,1944,0.7833333333333333,0.9905691146850586,1980.5859375,1.641085469642446
102113_00001,NIH,0,0,3989,0.0,0.9820482730865479,4978.7373046875,1.7066593984249119
102120_00001,MSD,0,0,5061,0.0,0.9899476170539856,5294.7900390625,1.7167933994023474
102128_00001,MSD,1,2151,680,0.1942776404097492,0.911337673664093,1162.89208984375,1.3255819933786273
102136_00001,NIH,0,0,957,0.0,0.9155827760696411,2279.60693359375,1.4427427586088042
102141_00001,MSD,1,1656,1900,0.8824521934758155,0.9931760430335999,2074.575439453125,1.6428373428987093
102155_00001,MSD,0,0,1555,0.0,0.8292847275733948,3791.52197265625,1.3266311483690167
102163_00001,MSD,0,0,0,nan,0.4641045331954956,197.91073608398438,0.4641045331954956
102171_00001,MSD,1,8306,9750,0.8163491360212671,0.9903476238250732,9666.8935546875,1.826927465691136
102172_00001,MSD,0,0,1436,0.0,0.9886024594306946,1439.08203125,1.6050872658013133
102176_00001,MSD,0,0,463,0.0,0.913135826587677,726.4431762695312,1.293707945573173
102189_00001,NIH,0,0,1083,0.0,0.9279531240463257,1642.400390625,1.4025923666686868
102205_00001,MSD,1,1427,10597,0.2310379241516966,0.9907855987548828,13396.197265625,1.6330438724917546
102215_00001,MSD,0,0,5075,0.0,0.9822876453399658,5928.9609375,1.73395829143247
102223_00001,MSD,0,0,6970,0.0,0.9894906878471375,6953.37890625,1.7723103882922708
